"WATER - WATERMAN PUMP SYSTEMS LTD#$#font-bold=true#$#font-size=12","","","","","","","","","","","","","","","","","","","","","","","","","","","","","","","","","","","","","","","","","","","","","","","","","","",""
"","","","","","","","","","","","","","","","","","","","","","","","","","","","","","","","","","","","","","","","","","","","","","","","","","","",""
"","","","","","","","","","","","","","","","","","","","","","","","","","","","","","","","","","","","","","","","","","","","","","","","","","","",""
"","","Invoice List with TPIN#$#font-bold=true#$#font-size=12",""," March     2020#$#font-bold=true#$#font-size=10","","","","","","","","","","","","","","","","","","","","","","","","","","","","","","","","","","","","","","","","","","","","","","",""
"","","","","","","","","","","","","","","","","","","","","","","","","","","","","","","","","","","","","","","","","","","","","","","","","","","",""
"TPIN No.#$#font-bold=true#$#font-size=10#$#column-width=15","Invoice ##$#font-bold=true#$#font-size=10#$#column-width=15","Invoice Date#$#font-bold=true#$#font-size=10#$#column-width=15","Customer Code#$#font-bold=true#$#font-size=10#$#column-width=15","Customer Name#$#font-bold=true#$#font-size=10#$#column-width=25","Reference No.#$#font-bold=true#$#font-size=10#$#column-width=15","Invoice Amount Ex VAT#$#font-bold=true#$#font-size=10#$#column-width=15","VAT Amount#$#font-bold=true#$#font-size=10#$#column-width=15","Total Invoice Amount#$#font-bold=true#$#font-size=10#$#column-width=15","","","","","","","","","","","","","","","","","","","","","","","","","","","","","","","","","","","","","","","","","","",""
"","","","","","","","","","","","","","","","","","","","","","","","","","","","","","","","","","","","","","","","","","","","","","","","","","","",""
"_#$#font-color=#00C0FFFF#$#column-freeze=true","","","","","","","","","","","","","","","","","","","","","","","","","","","","","","","","","","","","","","","","","","","","","","","","","","",""
"!#TEXT#!","  43362!#TEXT#!","02/03/2020!#TEXT#!","CASH01","CASH01","1001773603","         172.41#$#font-bold=true#$#font-size=10#$#column-width=15","          27.59#$#font-bold=true#$#font-size=10#$#column-width=15","         200.00#$#font-bold=true#$#font-size=10#$#column-width=15","","","","","","","","","","","","","","","","","","","","","","","","","","","","","","","","","","","","","","","","","","",""
".!#TEXT#!","  43363!#TEXT#!","02/03/2020!#TEXT#!","ZERO10","ZERO RATED 10","","        2196.55#$#font-bold=true#$#font-size=10#$#column-width=15","           0.00#$#font-bold=true#$#font-size=10#$#column-width=15","        2196.55#$#font-bold=true#$#font-size=10#$#column-width=15","","","","","","","","","","","","","","","","","","","","","","","","","","","","","","","","","","","","","","","","","","",""
".!#TEXT#!","  43364!#TEXT#!","03/03/2020!#TEXT#!","CASH02","CASH01","1002924244","        2935.99#$#font-bold=true#$#font-size=10#$#column-width=15","         469.76#$#font-bold=true#$#font-size=10#$#column-width=15","        3405.75#$#font-bold=true#$#font-size=10#$#column-width=15","","","","","","","","","","","","","","","","","","","","","","","","","","","","","","","","","","","","","","","","","","",""
".!#TEXT#!","  43365!#TEXT#!","03/03/2020!#TEXT#!","ZERO1","ZERO RATED","1002924244","        2456.90#$#font-bold=true#$#font-size=10#$#column-width=15","           0.00#$#font-bold=true#$#font-size=10#$#column-width=15","        2456.90#$#font-bold=true#$#font-size=10#$#column-width=15","","","","","","","","","","","","","","","","","","","","","","","","","","","","","","","","","","","","","","","","","","",""
".!#TEXT#!","  43366!#TEXT#!","03/03/2020!#TEXT#!","CASH02","CASH 02","1001676762","         982.76#$#font-bold=true#$#font-size=10#$#column-width=15","         157.24#$#font-bold=true#$#font-size=10#$#column-width=15","        1140.00#$#font-bold=true#$#font-size=10#$#column-width=15","","","","","","","","","","","","","","","","","","","","","","","","","","","","","","","","","","","","","","","","","","",""
".!#TEXT#!","  43367!#TEXT#!","04/03/2020!#TEXT#!","ZERO10","ZERO RATED 10","1001658936","       15113.79#$#font-bold=true#$#font-size=10#$#column-width=15","           0.00#$#font-bold=true#$#font-size=10#$#column-width=15","       15113.79#$#font-bold=true#$#font-size=10#$#column-width=15","","","","","","","","","","","","","","","","","","","","","","","","","","","","","","","","","","","","","","","","","","",""
".!#TEXT#!","  43368!#TEXT#!","04/03/2020!#TEXT#!","ZERO10","ZERO RATED","Quote # : 55422","        3104.74#$#font-bold=true#$#font-size=10#$#column-width=15","           0.00#$#font-bold=true#$#font-size=10#$#column-width=15","        3104.74#$#font-bold=true#$#font-size=10#$#column-width=15","","","","","","","","","","","","","","","","","","","","","","","","","","","","","","","","","","","","","","","","","","",""
".!#TEXT#!","  43369!#TEXT#!","04/03/2020!#TEXT#!","ZERO1","ZERO RATED 5","","        5495.69#$#font-bold=true#$#font-size=10#$#column-width=15","           0.00#$#font-bold=true#$#font-size=10#$#column-width=15","        5495.69#$#font-bold=true#$#font-size=10#$#column-width=15","","","","","","","","","","","","","","","","","","","","","","","","","","","","","","","","","","","","","","","","","","",""
".!#TEXT#!","  43370!#TEXT#!","04/03/2020!#TEXT#!","CASH02","CASH 02","","         375.00#$#font-bold=true#$#font-size=10#$#column-width=15","          60.00#$#font-bold=true#$#font-size=10#$#column-width=15","         435.00#$#font-bold=true#$#font-size=10#$#column-width=15","","","","","","","","","","","","","","","","","","","","","","","","","","","","","","","","","","","","","","","","","","",""
"!#TEXT#!","  43371!#TEXT#!","04/03/2020!#TEXT#!","CASH01","CASH01","Quote # : 55426","        1172.42#$#font-bold=true#$#font-size=10#$#column-width=15","         187.59#$#font-bold=true#$#font-size=10#$#column-width=15","        1360.01#$#font-bold=true#$#font-size=10#$#column-width=15","","","","","","","","","","","","","","","","","","","","","","","","","","","","","","","","","","","","","","","","","","",""
"!#TEXT#!","  43372!#TEXT#!","05/03/2020!#TEXT#!","CASH01","CASH01","Quote # : 55432","         344.82#$#font-bold=true#$#font-size=10#$#column-width=15","          55.17#$#font-bold=true#$#font-size=10#$#column-width=15","         399.99#$#font-bold=true#$#font-size=10#$#column-width=15","","","","","","","","","","","","","","","","","","","","","","","","","","","","","","","","","","","","","","","","","","",""
".!#TEXT#!","  43373!#TEXT#!","05/03/2020!#TEXT#!","ZERO10","ZERO RATED 10","1019533751","        7254.31#$#font-bold=true#$#font-size=10#$#column-width=15","           0.00#$#font-bold=true#$#font-size=10#$#column-width=15","        7254.31#$#font-bold=true#$#font-size=10#$#column-width=15","","","","","","","","","","","","","","","","","","","","","","","","","","","","","","","","","","","","","","","","","","",""
"!#TEXT#!","  43374!#TEXT#!","05/03/2020!#TEXT#!","ZER15","ZERO RATED","1001646592","       11068.96#$#font-bold=true#$#font-size=10#$#column-width=15","           0.00#$#font-bold=true#$#font-size=10#$#column-width=15","       11068.96#$#font-bold=true#$#font-size=10#$#column-width=15","","","","","","","","","","","","","","","","","","","","","","","","","","","","","","","","","","","","","","","","","","",""
"!#TEXT#!","  43375!#TEXT#!","05/03/2020!#TEXT#!","CASH01","CASH01","","         334.48#$#font-bold=true#$#font-size=10#$#column-width=15","          53.52#$#font-bold=true#$#font-size=10#$#column-width=15","         388.00#$#font-bold=true#$#font-size=10#$#column-width=15","","","","","","","","","","","","","","","","","","","","","","","","","","","","","","","","","","","","","","","","","","",""
"!#TEXT#!","  43376!#TEXT#!","05/03/2020!#TEXT#!","ZER15","ZERO RATED","","        5006.90#$#font-bold=true#$#font-size=10#$#column-width=15","           0.00#$#font-bold=true#$#font-size=10#$#column-width=15","        5006.90#$#font-bold=true#$#font-size=10#$#column-width=15","","","","","","","","","","","","","","","","","","","","","","","","","","","","","","","","","","","","","","","","","","",""
".!#TEXT#!","  43377!#TEXT#!","05/03/2020!#TEXT#!","CASH02","CASH 02","","         157.24#$#font-bold=true#$#font-size=10#$#column-width=15","          25.15#$#font-bold=true#$#font-size=10#$#column-width=15","         182.39#$#font-bold=true#$#font-size=10#$#column-width=15","","","","","","","","","","","","","","","","","","","","","","","","","","","","","","","","","","","","","","","","","","",""
"!#TEXT#!","  43378!#TEXT#!","06/03/2020!#TEXT#!","ZER15","ZERO RATED","Quote # : 55403","        3776.90#$#font-bold=true#$#font-size=10#$#column-width=15","           0.00#$#font-bold=true#$#font-size=10#$#column-width=15","        3776.90#$#font-bold=true#$#font-size=10#$#column-width=15","","","","","","","","","","","","","","","","","","","","","","","","","","","","","","","","","","","","","","","","","","",""
"!#TEXT#!","  43379!#TEXT#!","06/03/2020!#TEXT#!","CASH01","CASH01","Quote # : 55404","       10894.93#$#font-bold=true#$#font-size=10#$#column-width=15","        1743.20#$#font-bold=true#$#font-size=10#$#column-width=15","       12638.13#$#font-bold=true#$#font-size=10#$#column-width=15","","","","","","","","","","","","","","","","","","","","","","","","","","","","","","","","","","","","","","","","","","",""
".!#TEXT#!","  43380!#TEXT#!","06/03/2020!#TEXT#!","ZERO10","ZERO RATED 10","","        3104.74#$#font-bold=true#$#font-size=10#$#column-width=15","           0.00#$#font-bold=true#$#font-size=10#$#column-width=15","        3104.74#$#font-bold=true#$#font-size=10#$#column-width=15","","","","","","","","","","","","","","","","","","","","","","","","","","","","","","","","","","","","","","","","","","",""
"!#TEXT#!","  43381!#TEXT#!","06/03/2020!#TEXT#!","CASH01","CASH01","007G","         301.73#$#font-bold=true#$#font-size=10#$#column-width=15","          48.27#$#font-bold=true#$#font-size=10#$#column-width=15","         350.00#$#font-bold=true#$#font-size=10#$#column-width=15","","","","","","","","","","","","","","","","","","","","","","","","","","","","","","","","","","","","","","","","","","",""
"!#TEXT#!","  43382!#TEXT#!","06/03/2020!#TEXT#!","ZER15","ZERO RATED","","        2000.00#$#font-bold=true#$#font-size=10#$#column-width=15","           0.00#$#font-bold=true#$#font-size=10#$#column-width=15","        2000.00#$#font-bold=true#$#font-size=10#$#column-width=15","","","","","","","","","","","","","","","","","","","","","","","","","","","","","","","","","","","","","","","","","","",""
".!#TEXT#!","  43383!#TEXT#!","06/03/2020!#TEXT#!","CASH02","CASH 02","","         163.79#$#font-bold=true#$#font-size=10#$#column-width=15","          26.21#$#font-bold=true#$#font-size=10#$#column-width=15","         190.00#$#font-bold=true#$#font-size=10#$#column-width=15","","","","","","","","","","","","","","","","","","","","","","","","","","","","","","","","","","","","","","","","","","",""
"!#TEXT#!","  43384!#TEXT#!","06/03/2020!#TEXT#!","CASH01","CASH01","0045G","         775.87#$#font-bold=true#$#font-size=10#$#column-width=15","         124.14#$#font-bold=true#$#font-size=10#$#column-width=15","         900.01#$#font-bold=true#$#font-size=10#$#column-width=15","","","","","","","","","","","","","","","","","","","","","","","","","","","","","","","","","","","","","","","","","","",""
"1002332437!#TEXT#!","  43385!#TEXT#!","06/03/2020!#TEXT#!","ZERO1","ZERO RATED","1002332437","        5012.06#$#font-bold=true#$#font-size=10#$#column-width=15","           0.00#$#font-bold=true#$#font-size=10#$#column-width=15","        5012.06#$#font-bold=true#$#font-size=10#$#column-width=15","","","","","","","","","","","","","","","","","","","","","","","","","","","","","","","","","","","","","","","","","","",""
"!#TEXT#!","  43386!#TEXT#!","06/03/2020!#TEXT#!","CASH01","CASH01","1002332437","          27.59#$#font-bold=true#$#font-size=10#$#column-width=15","           4.41#$#font-bold=true#$#font-size=10#$#column-width=15","          32.00#$#font-bold=true#$#font-size=10#$#column-width=15","","","","","","","","","","","","","","","","","","","","","","","","","","","","","","","","","","","","","","","","","","",""
".!#TEXT#!","  43387!#TEXT#!","06/03/2020!#TEXT#!","CASH02","CASH 02","1001698257","        3832.76#$#font-bold=true#$#font-size=10#$#column-width=15","         613.25#$#font-bold=true#$#font-size=10#$#column-width=15","        4446.01#$#font-bold=true#$#font-size=10#$#column-width=15","","","","","","","","","","","","","","","","","","","","","","","","","","","","","","","","","","","","","","","","","","",""
".!#TEXT#!","  43388!#TEXT#!","06/03/2020!#TEXT#!","ZERO10","ZERO RATED 10","","        3692.50#$#font-bold=true#$#font-size=10#$#column-width=15","           0.00#$#font-bold=true#$#font-size=10#$#column-width=15","        3692.50#$#font-bold=true#$#font-size=10#$#column-width=15","","","","","","","","","","","","","","","","","","","","","","","","","","","","","","","","","","","","","","","","","","",""
"!#TEXT#!","  43389!#TEXT#!","07/03/2020!#TEXT#!","CASH01","CASH01"," 0044G","        1896.56#$#font-bold=true#$#font-size=10#$#column-width=15","         303.44#$#font-bold=true#$#font-size=10#$#column-width=15","        2200.00#$#font-bold=true#$#font-size=10#$#column-width=15","","","","","","","","","","","","","","","","","","","","","","","","","","","","","","","","","","","","","","","","","","",""
"!#TEXT#!","  43390!#TEXT#!","07/03/2020!#TEXT#!","CASH01","CASH01","0042G","        1724.12#$#font-bold=true#$#font-size=10#$#column-width=15","         275.86#$#font-bold=true#$#font-size=10#$#column-width=15","        1999.98#$#font-bold=true#$#font-size=10#$#column-width=15","","","","","","","","","","","","","","","","","","","","","","","","","","","","","","","","","","","","","","","","","","",""
"!#TEXT#!","  43391!#TEXT#!","07/03/2020!#TEXT#!","CASH01","CASH01","1001694643","        6342.24#$#font-bold=true#$#font-size=10#$#column-width=15","        1014.76#$#font-bold=true#$#font-size=10#$#column-width=15","        7357.00#$#font-bold=true#$#font-size=10#$#column-width=15","","","","","","","","","","","","","","","","","","","","","","","","","","","","","","","","","","","","","","","","","","",""
"!#TEXT#!","  43392!#TEXT#!","07/03/2020!#TEXT#!","CASH01","CASH 02","Quote # : 55453","         279.33#$#font-bold=true#$#font-size=10#$#column-width=15","          44.69#$#font-bold=true#$#font-size=10#$#column-width=15","         324.02#$#font-bold=true#$#font-size=10#$#column-width=15","","","","","","","","","","","","","","","","","","","","","","","","","","","","","","","","","","","","","","","","","","",""
"!#TEXT#!","  43393!#TEXT#!","07/03/2020!#TEXT#!","ZER15","ZERO RATED 10","Quote # : 55454","        3524.23#$#font-bold=true#$#font-size=10#$#column-width=15","           0.00#$#font-bold=true#$#font-size=10#$#column-width=15","        3524.23#$#font-bold=true#$#font-size=10#$#column-width=15","","","","","","","","","","","","","","","","","","","","","","","","","","","","","","","","","","","","","","","","","","",""
".!#TEXT#!","  43394!#TEXT#!","07/03/2020!#TEXT#!","CASH02","CASH 02","","         452.59#$#font-bold=true#$#font-size=10#$#column-width=15","          72.41#$#font-bold=true#$#font-size=10#$#column-width=15","         525.00#$#font-bold=true#$#font-size=10#$#column-width=15","","","","","","","","","","","","","","","","","","","","","","","","","","","","","","","","","","","","","","","","","","",""
".!#TEXT#!","  43395!#TEXT#!","07/03/2020!#TEXT#!","CASH02","CASH 02","","         129.31#$#font-bold=true#$#font-size=10#$#column-width=15","          20.69#$#font-bold=true#$#font-size=10#$#column-width=15","         150.00#$#font-bold=true#$#font-size=10#$#column-width=15","","","","","","","","","","","","","","","","","","","","","","","","","","","","","","","","","","","","","","","","","","",""
".!#TEXT#!","  43396!#TEXT#!","10/03/2020!#TEXT#!","CASH02","CASH 02","Quote # : 55457","        3581.90#$#font-bold=true#$#font-size=10#$#column-width=15","         573.10#$#font-bold=true#$#font-size=10#$#column-width=15","        4155.00#$#font-bold=true#$#font-size=10#$#column-width=15","","","","","","","","","","","","","","","","","","","","","","","","","","","","","","","","","","","","","","","","","","",""
"!#TEXT#!","  43397!#TEXT#!","10/03/2020!#TEXT#!","CASH01","CASH01","Quote # : 55458","        1465.51#$#font-bold=true#$#font-size=10#$#column-width=15","         234.46#$#font-bold=true#$#font-size=10#$#column-width=15","        1699.97#$#font-bold=true#$#font-size=10#$#column-width=15","","","","","","","","","","","","","","","","","","","","","","","","","","","","","","","","","","","","","","","","","","",""
"!#TEXT#!","  43398!#TEXT#!","10/03/2020!#TEXT#!","CASH01","CASH01","","        1724.14#$#font-bold=true#$#font-size=10#$#column-width=15","         275.86#$#font-bold=true#$#font-size=10#$#column-width=15","        2000.00#$#font-bold=true#$#font-size=10#$#column-width=15","","","","","","","","","","","","","","","","","","","","","","","","","","","","","","","","","","","","","","","","","","",""
".!#TEXT#!","  43399!#TEXT#!","10/03/2020!#TEXT#!","ZERO10","ZERO RATED","Quote # : 55315","        2661.20#$#font-bold=true#$#font-size=10#$#column-width=15","           0.00#$#font-bold=true#$#font-size=10#$#column-width=15","        2661.20#$#font-bold=true#$#font-size=10#$#column-width=15","","","","","","","","","","","","","","","","","","","","","","","","","","","","","","","","","","","","","","","","","","",""
"!#TEXT#!","  43400!#TEXT#!","10/03/2020!#TEXT#!","ZER15","ZERO RATED","Quote # : 55444","        7696.90#$#font-bold=true#$#font-size=10#$#column-width=15","        1231.50#$#font-bold=true#$#font-size=10#$#column-width=15","        8928.40#$#font-bold=true#$#font-size=10#$#column-width=15","","","","","","","","","","","","","","","","","","","","","","","","","","","","","","","","","","","","","","","","","","",""
"!#TEXT#!","  43401!#TEXT#!","10/03/2020!#TEXT#!","CASH01","CASH01","Quote # : 55465","         172.41#$#font-bold=true#$#font-size=10#$#column-width=15","          27.59#$#font-bold=true#$#font-size=10#$#column-width=15","         200.00#$#font-bold=true#$#font-size=10#$#column-width=15","","","","","","","","","","","","","","","","","","","","","","","","","","","","","","","","","","","","","","","","","","",""
".!#TEXT#!","  43402!#TEXT#!","10/03/2020!#TEXT#!","CASH02","CASH 02","","        2877.37#$#font-bold=true#$#font-size=10#$#column-width=15","         460.38#$#font-bold=true#$#font-size=10#$#column-width=15","        3337.75#$#font-bold=true#$#font-size=10#$#column-width=15","","","","","","","","","","","","","","","","","","","","","","","","","","","","","","","","","","","","","","","","","","",""
"!#TEXT#!","  43403!#TEXT#!","10/03/2020!#TEXT#!","ZER15","ZERO RATED","1001700318","        2586.21#$#font-bold=true#$#font-size=10#$#column-width=15","           0.00#$#font-bold=true#$#font-size=10#$#column-width=15","        2586.21#$#font-bold=true#$#font-size=10#$#column-width=15","","","","","","","","","","","","","","","","","","","","","","","","","","","","","","","","","","","","","","","","","","",""
".!#TEXT#!","  43404!#TEXT#!","11/03/2020!#TEXT#!","CASH02","CASH 02","100161332","         876.29#$#font-bold=true#$#font-size=10#$#column-width=15","         140.21#$#font-bold=true#$#font-size=10#$#column-width=15","        1016.50#$#font-bold=true#$#font-size=10#$#column-width=15","","","","","","","","","","","","","","","","","","","","","","","","","","","","","","","","","","","","","","","","","","",""
"!#TEXT#!","  43405!#TEXT#!","11/03/2020!#TEXT#!","CASH01","CASH01","","         748.28#$#font-bold=true#$#font-size=10#$#column-width=15","         119.72#$#font-bold=true#$#font-size=10#$#column-width=15","         868.00#$#font-bold=true#$#font-size=10#$#column-width=15","","","","","","","","","","","","","","","","","","","","","","","","","","","","","","","","","","","","","","","","","","",""
"!#TEXT#!","  43406!#TEXT#!","11/03/2020!#TEXT#!","KINGSP","KINGS PLASTICS LTD","1001587035","        2021.55#$#font-bold=true#$#font-size=10#$#column-width=15","         323.44#$#font-bold=true#$#font-size=10#$#column-width=15","        2344.99#$#font-bold=true#$#font-size=10#$#column-width=15","","","","","","","","","","","","","","","","","","","","","","","","","","","","","","","","","","","","","","","","","","",""
"!#TEXT#!","  43407!#TEXT#!","11/03/2020!#TEXT#!","CASH01","CASH01","","         322.85#$#font-bold=true#$#font-size=10#$#column-width=15","          51.66#$#font-bold=true#$#font-size=10#$#column-width=15","         374.51#$#font-bold=true#$#font-size=10#$#column-width=15","","","","","","","","","","","","","","","","","","","","","","","","","","","","","","","","","","","","","","","","","","",""
"!#TEXT#!","  43408!#TEXT#!","11/03/2020!#TEXT#!","KINGSP","KINGS PLASTICS LTD","1001587035","         323.28#$#font-bold=true#$#font-size=10#$#column-width=15","          51.72#$#font-bold=true#$#font-size=10#$#column-width=15","         375.00#$#font-bold=true#$#font-size=10#$#column-width=15","","","","","","","","","","","","","","","","","","","","","","","","","","","","","","","","","","","","","","","","","","",""
"!#TEXT#!","  43409!#TEXT#!","11/03/2020!#TEXT#!","ZER15","ZERO RATED","1001608458","        4887.93#$#font-bold=true#$#font-size=10#$#column-width=15","           0.00#$#font-bold=true#$#font-size=10#$#column-width=15","        4887.93#$#font-bold=true#$#font-size=10#$#column-width=15","","","","","","","","","","","","","","","","","","","","","","","","","","","","","","","","","","","","","","","","","","",""
"!#TEXT#!","  43410!#TEXT#!","13/03/2020!#TEXT#!","CASH01","CASH01","04K","        1448.27#$#font-bold=true#$#font-size=10#$#column-width=15","         231.72#$#font-bold=true#$#font-size=10#$#column-width=15","        1679.99#$#font-bold=true#$#font-size=10#$#column-width=15","","","","","","","","","","","","","","","","","","","","","","","","","","","","","","","","","","","","","","","","","","",""
"!#TEXT#!","  43411!#TEXT#!","13/03/2020!#TEXT#!","CASH01","CASH01","Quote # : 55489","         172.41#$#font-bold=true#$#font-size=10#$#column-width=15","          27.59#$#font-bold=true#$#font-size=10#$#column-width=15","         200.00#$#font-bold=true#$#font-size=10#$#column-width=15","","","","","","","","","","","","","","","","","","","","","","","","","","","","","","","","","","","","","","","","","","",""
"!#TEXT#!","  43412!#TEXT#!","13/03/2020!#TEXT#!","CASH01","CASH01","0024K","         603.29#$#font-bold=true#$#font-size=10#$#column-width=15","          96.53#$#font-bold=true#$#font-size=10#$#column-width=15","         699.82#$#font-bold=true#$#font-size=10#$#column-width=15","","","","","","","","","","","","","","","","","","","","","","","","","","","","","","","","","","","","","","","","","","",""
"!#TEXT#!","  43413!#TEXT#!","13/03/2020!#TEXT#!","CASH01","CASH01","","         292.67#$#font-bold=true#$#font-size=10#$#column-width=15","          46.83#$#font-bold=true#$#font-size=10#$#column-width=15","         339.50#$#font-bold=true#$#font-size=10#$#column-width=15","","","","","","","","","","","","","","","","","","","","","","","","","","","","","","","","","","","","","","","","","","",""
".!#TEXT#!","  43414!#TEXT#!","13/03/2020!#TEXT#!","CASH02","CASH 02","","        3081.90#$#font-bold=true#$#font-size=10#$#column-width=15","         493.10#$#font-bold=true#$#font-size=10#$#column-width=15","        3575.00#$#font-bold=true#$#font-size=10#$#column-width=15","","","","","","","","","","","","","","","","","","","","","","","","","","","","","","","","","","","","","","","","","","",""
".!#TEXT#!","  43415!#TEXT#!","13/03/2020!#TEXT#!","CASH02","CASH 02","Quote # : 55497","        2207.76#$#font-bold=true#$#font-size=10#$#column-width=15","         353.24#$#font-bold=true#$#font-size=10#$#column-width=15","        2561.00#$#font-bold=true#$#font-size=10#$#column-width=15","","","","","","","","","","","","","","","","","","","","","","","","","","","","","","","","","","","","","","","","","","",""
"!#TEXT#!","  43416!#TEXT#!","14/03/2020!#TEXT#!","CASH01","CASH01","100185117","         172.41#$#font-bold=true#$#font-size=10#$#column-width=15","          27.59#$#font-bold=true#$#font-size=10#$#column-width=15","         200.00#$#font-bold=true#$#font-size=10#$#column-width=15","","","","","","","","","","","","","","","","","","","","","","","","","","","","","","","","","","","","","","","","","","",""
".!#TEXT#!","  43417!#TEXT#!","16/03/2020!#TEXT#!","CASH02","CASH01","Quote # : 55506","        2877.37#$#font-bold=true#$#font-size=10#$#column-width=15","         460.38#$#font-bold=true#$#font-size=10#$#column-width=15","        3337.75#$#font-bold=true#$#font-size=10#$#column-width=15","","","","","","","","","","","","","","","","","","","","","","","","","","","","","","","","","","","","","","","","","","",""
".!#TEXT#!","  43418!#TEXT#!","16/03/2020!#TEXT#!","CASH02","CASH 02","Quote # : 55507","        3081.90#$#font-bold=true#$#font-size=10#$#column-width=15","         493.10#$#font-bold=true#$#font-size=10#$#column-width=15","        3575.00#$#font-bold=true#$#font-size=10#$#column-width=15","","","","","","","","","","","","","","","","","","","","","","","","","","","","","","","","","","","","","","","","","","",""
".!#TEXT#!","  43419!#TEXT#!","16/03/2020!#TEXT#!","CASH02","CASH 02","Quote # : 55509","        1807.11#$#font-bold=true#$#font-size=10#$#column-width=15","         289.14#$#font-bold=true#$#font-size=10#$#column-width=15","        2096.25#$#font-bold=true#$#font-size=10#$#column-width=15","","","","","","","","","","","","","","","","","","","","","","","","","","","","","","","","","","","","","","","","","","",""
"!#TEXT#!","  43420!#TEXT#!","16/03/2020!#TEXT#!","CASH01","CASH01","","          68.10#$#font-bold=true#$#font-size=10#$#column-width=15","          10.90#$#font-bold=true#$#font-size=10#$#column-width=15","          79.00#$#font-bold=true#$#font-size=10#$#column-width=15","","","","","","","","","","","","","","","","","","","","","","","","","","","","","","","","","","","","","","","","","","",""
"!#TEXT#!","  43421!#TEXT#!","16/03/2020!#TEXT#!","CASH01","CASH01","Quote # : 55529","         258.62#$#font-bold=true#$#font-size=10#$#column-width=15","          41.38#$#font-bold=true#$#font-size=10#$#column-width=15","         300.00#$#font-bold=true#$#font-size=10#$#column-width=15","","","","","","","","","","","","","","","","","","","","","","","","","","","","","","","","","","","","","","","","","","",""
"!#TEXT#!","  43422!#TEXT#!","16/03/2020!#TEXT#!","ZER15","ZERO RATED","Quote # : 55528","        4750.00#$#font-bold=true#$#font-size=10#$#column-width=15","           0.00#$#font-bold=true#$#font-size=10#$#column-width=15","        4750.00#$#font-bold=true#$#font-size=10#$#column-width=15","","","","","","","","","","","","","","","","","","","","","","","","","","","","","","","","","","","","","","","","","","",""
".!#TEXT#!","  43423!#TEXT#!","16/03/2020!#TEXT#!","CASH02","CASH01","Quote # : 55526","         533.97#$#font-bold=true#$#font-size=10#$#column-width=15","          85.44#$#font-bold=true#$#font-size=10#$#column-width=15","         619.41#$#font-bold=true#$#font-size=10#$#column-width=15","","","","","","","","","","","","","","","","","","","","","","","","","","","","","","","","","","","","","","","","","","",""
"!#TEXT#!","  43424!#TEXT#!","17/03/2020!#TEXT#!","CASH01","CASH01","1001999413","        2844.83#$#font-bold=true#$#font-size=10#$#column-width=15","         455.17#$#font-bold=true#$#font-size=10#$#column-width=15","        3300.00#$#font-bold=true#$#font-size=10#$#column-width=15","","","","","","","","","","","","","","","","","","","","","","","","","","","","","","","","","","","","","","","","","","",""
"!#TEXT#!","  43425!#TEXT#!","17/03/2020!#TEXT#!","ZER15","ZERO RATED","1001999413","        2844.83#$#font-bold=true#$#font-size=10#$#column-width=15","           0.00#$#font-bold=true#$#font-size=10#$#column-width=15","        2844.83#$#font-bold=true#$#font-size=10#$#column-width=15","","","","","","","","","","","","","","","","","","","","","","","","","","","","","","","","","","","","","","","","","","",""
"!#TEXT#!","  43426!#TEXT#!","17/03/2020!#TEXT#!","ZER15","ZERO RATED","1001999413","        2844.83#$#font-bold=true#$#font-size=10#$#column-width=15","           0.00#$#font-bold=true#$#font-size=10#$#column-width=15","        2844.83#$#font-bold=true#$#font-size=10#$#column-width=15","","","","","","","","","","","","","","","","","","","","","","","","","","","","","","","","","","","","","","","","","","",""
"!#TEXT#!","  43427!#TEXT#!","17/03/2020!#TEXT#!","CASH01","CASH01","Quote # : 55531","         241.38#$#font-bold=true#$#font-size=10#$#column-width=15","          38.62#$#font-bold=true#$#font-size=10#$#column-width=15","         280.00#$#font-bold=true#$#font-size=10#$#column-width=15","","","","","","","","","","","","","","","","","","","","","","","","","","","","","","","","","","","","","","","","","","",""
".!#TEXT#!","  43428!#TEXT#!","17/03/2020!#TEXT#!","CASH02","CASH01","Quote # : 55532","        1064.65#$#font-bold=true#$#font-size=10#$#column-width=15","         170.34#$#font-bold=true#$#font-size=10#$#column-width=15","        1234.99#$#font-bold=true#$#font-size=10#$#column-width=15","","","","","","","","","","","","","","","","","","","","","","","","","","","","","","","","","","","","","","","","","","",""
"!#TEXT#!","  43429!#TEXT#!","17/03/2020!#TEXT#!","CASH01","CASH01","1001606052","         198.27#$#font-bold=true#$#font-size=10#$#column-width=15","          31.73#$#font-bold=true#$#font-size=10#$#column-width=15","         230.00#$#font-bold=true#$#font-size=10#$#column-width=15","","","","","","","","","","","","","","","","","","","","","","","","","","","","","","","","","","","","","","","","","","",""
"!#TEXT#!","  43430!#TEXT#!","17/03/2020!#TEXT#!","ZER15","ZERO RATED","1001606052","       11163.79#$#font-bold=true#$#font-size=10#$#column-width=15","           0.00#$#font-bold=true#$#font-size=10#$#column-width=15","       11163.79#$#font-bold=true#$#font-size=10#$#column-width=15","","","","","","","","","","","","","","","","","","","","","","","","","","","","","","","","","","","","","","","","","","",""
".!#TEXT#!","  43431!#TEXT#!","17/03/2020!#TEXT#!","CASH02","CASH 02","","        3081.90#$#font-bold=true#$#font-size=10#$#column-width=15","         493.10#$#font-bold=true#$#font-size=10#$#column-width=15","        3575.00#$#font-bold=true#$#font-size=10#$#column-width=15","","","","","","","","","","","","","","","","","","","","","","","","","","","","","","","","","","","","","","","","","","",""
".!#TEXT#!","  43432!#TEXT#!","17/03/2020!#TEXT#!","CASH02","CASH 02","","         114.66#$#font-bold=true#$#font-size=10#$#column-width=15","          18.35#$#font-bold=true#$#font-size=10#$#column-width=15","         133.01#$#font-bold=true#$#font-size=10#$#column-width=15","","","","","","","","","","","","","","","","","","","","","","","","","","","","","","","","","","","","","","","","","","",""
"!#TEXT#!","  43433!#TEXT#!","18/03/2020!#TEXT#!","CASH01","CASH01","","        2145.26#$#font-bold=true#$#font-size=10#$#column-width=15","         343.24#$#font-bold=true#$#font-size=10#$#column-width=15","        2488.50#$#font-bold=true#$#font-size=10#$#column-width=15","","","","","","","","","","","","","","","","","","","","","","","","","","","","","","","","","","","","","","","","","","",""
".!#TEXT#!","  43434!#TEXT#!","18/03/2020!#TEXT#!","ZERO10","ZERO RATED","Quote # : 55539","        4275.00#$#font-bold=true#$#font-size=10#$#column-width=15","           0.00#$#font-bold=true#$#font-size=10#$#column-width=15","        4275.00#$#font-bold=true#$#font-size=10#$#column-width=15","","","","","","","","","","","","","","","","","","","","","","","","","","","","","","","","","","","","","","","","","","",""
"!#TEXT#!","  43435!#TEXT#!","18/03/2020!#TEXT#!","CASH01","CASH01","Quote # : 55542","         120.69#$#font-bold=true#$#font-size=10#$#column-width=15","          19.31#$#font-bold=true#$#font-size=10#$#column-width=15","         140.00#$#font-bold=true#$#font-size=10#$#column-width=15","","","","","","","","","","","","","","","","","","","","","","","","","","","","","","","","","","","","","","","","","","",""
"!#TEXT#!","  43436!#TEXT#!","18/03/2020!#TEXT#!","ZER15","ZERO RATED","1002330970","        2931.03#$#font-bold=true#$#font-size=10#$#column-width=15","           0.00#$#font-bold=true#$#font-size=10#$#column-width=15","        2931.03#$#font-bold=true#$#font-size=10#$#column-width=15","","","","","","","","","","","","","","","","","","","","","","","","","","","","","","","","","","","","","","","","","","",""
"!#TEXT#!","  43437!#TEXT#!","18/03/2020!#TEXT#!","CASH01","CASH01","001600","         604.04#$#font-bold=true#$#font-size=10#$#column-width=15","          96.65#$#font-bold=true#$#font-size=10#$#column-width=15","         700.69#$#font-bold=true#$#font-size=10#$#column-width=15","","","","","","","","","","","","","","","","","","","","","","","","","","","","","","","","","","","","","","","","","","",""
"1001844689!#TEXT#!","  43438!#TEXT#!","18/03/2020!#TEXT#!","STAR","STAR MILLING","1001844689","        1465.51#$#font-bold=true#$#font-size=10#$#column-width=15","         234.49#$#font-bold=true#$#font-size=10#$#column-width=15","        1700.00#$#font-bold=true#$#font-size=10#$#column-width=15","","","","","","","","","","","","","","","","","","","","","","","","","","","","","","","","","","","","","","","","","","",""
"!#TEXT#!","  43439!#TEXT#!","18/03/2020!#TEXT#!","ZER15","ZERO RATED","Quote # : 55553","        3692.50#$#font-bold=true#$#font-size=10#$#column-width=15","           0.00#$#font-bold=true#$#font-size=10#$#column-width=15","        3692.50#$#font-bold=true#$#font-size=10#$#column-width=15","","","","","","","","","","","","","","","","","","","","","","","","","","","","","","","","","","","","","","","","","","",""
"!#TEXT#!","  43440!#TEXT#!","18/03/2020!#TEXT#!","CASH01","CASH01","Quote # : 55554","         172.41#$#font-bold=true#$#font-size=10#$#column-width=15","          27.59#$#font-bold=true#$#font-size=10#$#column-width=15","         200.00#$#font-bold=true#$#font-size=10#$#column-width=15","","","","","","","","","","","","","","","","","","","","","","","","","","","","","","","","","","","","","","","","","","",""
"1001779361!#TEXT#!","  43441!#TEXT#!","18/03/2020!#TEXT#!","COMEX","CASH 02","1001779361","        1681.32#$#font-bold=true#$#font-size=10#$#column-width=15","         269.02#$#font-bold=true#$#font-size=10#$#column-width=15","        1950.34#$#font-bold=true#$#font-size=10#$#column-width=15","","","","","","","","","","","","","","","","","","","","","","","","","","","","","","","","","","","","","","","","","","",""
"!#TEXT#!","  43442!#TEXT#!","18/03/2020!#TEXT#!","CASH01","CASH01","1001606052","        3676.72#$#font-bold=true#$#font-size=10#$#column-width=15","         588.28#$#font-bold=true#$#font-size=10#$#column-width=15","        4265.00#$#font-bold=true#$#font-size=10#$#column-width=15","","","","","","","","","","","","","","","","","","","","","","","","","","","","","","","","","","","","","","","","","","",""
"1001197768!#TEXT#!","  43443!#TEXT#!","19/03/2020!#TEXT#!","ATATU","CASH01","Quote # : 54604","       11856.03#$#font-bold=true#$#font-size=10#$#column-width=15","        1896.96#$#font-bold=true#$#font-size=10#$#column-width=15","       13752.99#$#font-bold=true#$#font-size=10#$#column-width=15","","","","","","","","","","","","","","","","","","","","","","","","","","","","","","","","","","","","","","","","","","",""
"1001197768!#TEXT#!","  43444!#TEXT#!","19/03/2020!#TEXT#!","ATATU","CASH01","Quote # : 54601","       20257.76#$#font-bold=true#$#font-size=10#$#column-width=15","        3241.25#$#font-bold=true#$#font-size=10#$#column-width=15","       23499.01#$#font-bold=true#$#font-size=10#$#column-width=15","","","","","","","","","","","","","","","","","","","","","","","","","","","","","","","","","","","","","","","","","","",""
"!#TEXT#!","  43445!#TEXT#!","19/03/2020!#TEXT#!","ZER15","ZERO RATED","","        3874.14#$#font-bold=true#$#font-size=10#$#column-width=15","           0.00#$#font-bold=true#$#font-size=10#$#column-width=15","        3874.14#$#font-bold=true#$#font-size=10#$#column-width=15","","","","","","","","","","","","","","","","","","","","","","","","","","","","","","","","","","","","","","","","","","",""
"!#TEXT#!","  43446!#TEXT#!","19/03/2020!#TEXT#!","ZER15","ZERO RATED","Quote # : 55566","        4381.03#$#font-bold=true#$#font-size=10#$#column-width=15","           0.00#$#font-bold=true#$#font-size=10#$#column-width=15","        4381.03#$#font-bold=true#$#font-size=10#$#column-width=15","","","","","","","","","","","","","","","","","","","","","","","","","","","","","","","","","","","","","","","","","","",""
"!#TEXT#!","  43447!#TEXT#!","19/03/2020!#TEXT#!","ZER15","ZERO RATED","Quote # : 55563","        3874.14#$#font-bold=true#$#font-size=10#$#column-width=15","           0.00#$#font-bold=true#$#font-size=10#$#column-width=15","        3874.14#$#font-bold=true#$#font-size=10#$#column-width=15","","","","","","","","","","","","","","","","","","","","","","","","","","","","","","","","","","","","","","","","","","",""
"!#TEXT#!","  43448!#TEXT#!","20/03/2020!#TEXT#!","CASH01","CASH01","","         189.66#$#font-bold=true#$#font-size=10#$#column-width=15","          30.35#$#font-bold=true#$#font-size=10#$#column-width=15","         220.01#$#font-bold=true#$#font-size=10#$#column-width=15","","","","","","","","","","","","","","","","","","","","","","","","","","","","","","","","","","","","","","","","","","",""
"!#TEXT#!","  43449!#TEXT#!","20/03/2020!#TEXT#!","ZER15","ZERO RATED","1002555002","        5551.72#$#font-bold=true#$#font-size=10#$#column-width=15","           0.00#$#font-bold=true#$#font-size=10#$#column-width=15","        5551.72#$#font-bold=true#$#font-size=10#$#column-width=15","","","","","","","","","","","","","","","","","","","","","","","","","","","","","","","","","","","","","","","","","","",""
"!#TEXT#!","  43450!#TEXT#!","20/03/2020!#TEXT#!","CASH01","CASH01","1002102761","        1137.93#$#font-bold=true#$#font-size=10#$#column-width=15","         182.07#$#font-bold=true#$#font-size=10#$#column-width=15","        1320.00#$#font-bold=true#$#font-size=10#$#column-width=15","","","","","","","","","","","","","","","","","","","","","","","","","","","","","","","","","","","","","","","","","","",""
".!#TEXT#!","  43451!#TEXT#!","20/03/2020!#TEXT#!","ZERO1","ZERO RATED","1018217340","       11563.80#$#font-bold=true#$#font-size=10#$#column-width=15","           0.00#$#font-bold=true#$#font-size=10#$#column-width=15","       11563.80#$#font-bold=true#$#font-size=10#$#column-width=15","","","","","","","","","","","","","","","","","","","","","","","","","","","","","","","","","","","","","","","","","","",""
"!#TEXT#!","  43452!#TEXT#!","20/03/2020!#TEXT#!","CASH01","CASH01","Quote # : 55561","        3545.86#$#font-bold=true#$#font-size=10#$#column-width=15","         567.33#$#font-bold=true#$#font-size=10#$#column-width=15","        4113.19#$#font-bold=true#$#font-size=10#$#column-width=15","","","","","","","","","","","","","","","","","","","","","","","","","","","","","","","","","","","","","","","","","","",""
"!#TEXT#!","  43453!#TEXT#!","20/03/2020!#TEXT#!","ZER15","ZERO RATED","Quote # : 55562","        3325.00#$#font-bold=true#$#font-size=10#$#column-width=15","           0.00#$#font-bold=true#$#font-size=10#$#column-width=15","        3325.00#$#font-bold=true#$#font-size=10#$#column-width=15","","","","","","","","","","","","","","","","","","","","","","","","","","","","","","","","","","","","","","","","","","",""
"!#TEXT#!","  43454!#TEXT#!","21/03/2020!#TEXT#!","CASH01","CASH01","","        2908.62#$#font-bold=true#$#font-size=10#$#column-width=15","         465.38#$#font-bold=true#$#font-size=10#$#column-width=15","        3374.00#$#font-bold=true#$#font-size=10#$#column-width=15","","","","","","","","","","","","","","","","","","","","","","","","","","","","","","","","","","","","","","","","","","",""
"!#TEXT#!","  43455!#TEXT#!","21/03/2020!#TEXT#!","CASH01","CASH01","","        2908.62#$#font-bold=true#$#font-size=10#$#column-width=15","         465.38#$#font-bold=true#$#font-size=10#$#column-width=15","        3374.00#$#font-bold=true#$#font-size=10#$#column-width=15","","","","","","","","","","","","","","","","","","","","","","","","","","","","","","","","","","","","","","","","","","",""
"!#TEXT#!","  43456!#TEXT#!","23/03/2020!#TEXT#!","ZER15","ZERO RATED","1013128996","       11612.06#$#font-bold=true#$#font-size=10#$#column-width=15","           0.00#$#font-bold=true#$#font-size=10#$#column-width=15","       11612.06#$#font-bold=true#$#font-size=10#$#column-width=15","","","","","","","","","","","","","","","","","","","","","","","","","","","","","","","","","","","","","","","","","","",""
"!#TEXT#!","  43457!#TEXT#!","23/03/2020!#TEXT#!","CASH01","CASH01","1013128996","         646.55#$#font-bold=true#$#font-size=10#$#column-width=15","         103.45#$#font-bold=true#$#font-size=10#$#column-width=15","         750.00#$#font-bold=true#$#font-size=10#$#column-width=15","","","","","","","","","","","","","","","","","","","","","","","","","","","","","","","","","","","","","","","","","","",""
"!#TEXT#!","  43458!#TEXT#!","23/03/2020!#TEXT#!","ZER15","ZERO RATED","1001605914","        2844.83#$#font-bold=true#$#font-size=10#$#column-width=15","           0.00#$#font-bold=true#$#font-size=10#$#column-width=15","        2844.83#$#font-bold=true#$#font-size=10#$#column-width=15","","","","","","","","","","","","","","","","","","","","","","","","","","","","","","","","","","","","","","","","","","",""
"!#TEXT#!","  43459!#TEXT#!","23/03/2020!#TEXT#!","CASH01","CASH01","1001605914","        1443.97#$#font-bold=true#$#font-size=10#$#column-width=15","         231.03#$#font-bold=true#$#font-size=10#$#column-width=15","        1675.00#$#font-bold=true#$#font-size=10#$#column-width=15","","","","","","","","","","","","","","","","","","","","","","","","","","","","","","","","","","","","","","","","","","",""
"!#TEXT#!","  43460!#TEXT#!","23/03/2020!#TEXT#!","ZER15","ZERO RATED","Quote # : 55318","        3395.69#$#font-bold=true#$#font-size=10#$#column-width=15","           0.00#$#font-bold=true#$#font-size=10#$#column-width=15","        3395.69#$#font-bold=true#$#font-size=10#$#column-width=15","","","","","","","","","","","","","","","","","","","","","","","","","","","","","","","","","","","","","","","","","","",""
"!#TEXT#!","  43461!#TEXT#!","23/03/2020!#TEXT#!","CASH01","CASH01","Quote # : 55611","         126.94#$#font-bold=true#$#font-size=10#$#column-width=15","          20.31#$#font-bold=true#$#font-size=10#$#column-width=15","         147.25#$#font-bold=true#$#font-size=10#$#column-width=15","","","","","","","","","","","","","","","","","","","","","","","","","","","","","","","","","","","","","","","","","","",""
"!#TEXT#!","  43462!#TEXT#!","23/03/2020!#TEXT#!","ZER15","ZERO RATED","Quote # : 55600","        4477.15#$#font-bold=true#$#font-size=10#$#column-width=15","           0.00#$#font-bold=true#$#font-size=10#$#column-width=15","        4477.15#$#font-bold=true#$#font-size=10#$#column-width=15","","","","","","","","","","","","","","","","","","","","","","","","","","","","","","","","","","","","","","","","","","",""
"!#TEXT#!","  43463!#TEXT#!","24/03/2020!#TEXT#!","CASH01","CASH01","1017432075","        4383.62#$#font-bold=true#$#font-size=10#$#column-width=15","         701.38#$#font-bold=true#$#font-size=10#$#column-width=15","        5085.00#$#font-bold=true#$#font-size=10#$#column-width=15","","","","","","","","","","","","","","","","","","","","","","","","","","","","","","","","","","","","","","","","","","",""
"!#TEXT#!","  43464!#TEXT#!","24/03/2020!#TEXT#!","CASH01","CASH01","00390","        1379.32#$#font-bold=true#$#font-size=10#$#column-width=15","         220.68#$#font-bold=true#$#font-size=10#$#column-width=15","        1600.00#$#font-bold=true#$#font-size=10#$#column-width=15","","","","","","","","","","","","","","","","","","","","","","","","","","","","","","","","","","","","","","","","","","",""
"!#TEXT#!","  43465!#TEXT#!","24/03/2020!#TEXT#!","CASH01","CASH01","","         379.31#$#font-bold=true#$#font-size=10#$#column-width=15","          60.69#$#font-bold=true#$#font-size=10#$#column-width=15","         440.00#$#font-bold=true#$#font-size=10#$#column-width=15","","","","","","","","","","","","","","","","","","","","","","","","","","","","","","","","","","","","","","","","","","",""
"!#TEXT#!","  43466!#TEXT#!","24/03/2020!#TEXT#!","ZER15","ZERO RATED","Quote # : 55615","        3415.52#$#font-bold=true#$#font-size=10#$#column-width=15","           0.00#$#font-bold=true#$#font-size=10#$#column-width=15","        3415.52#$#font-bold=true#$#font-size=10#$#column-width=15","","","","","","","","","","","","","","","","","","","","","","","","","","","","","","","","","","","","","","","","","","",""
"!#TEXT#!","  43467!#TEXT#!","24/03/2020!#TEXT#!","CASH01","CASH01","Quote # : 55616","         323.28#$#font-bold=true#$#font-size=10#$#column-width=15","          51.73#$#font-bold=true#$#font-size=10#$#column-width=15","         375.01#$#font-bold=true#$#font-size=10#$#column-width=15","","","","","","","","","","","","","","","","","","","","","","","","","","","","","","","","","","","","","","","","","","",""
"!#TEXT#!","  43468!#TEXT#!","24/03/2020!#TEXT#!","CASH01","CASH01","","         696.98#$#font-bold=true#$#font-size=10#$#column-width=15","         111.52#$#font-bold=true#$#font-size=10#$#column-width=15","         808.50#$#font-bold=true#$#font-size=10#$#column-width=15","","","","","","","","","","","","","","","","","","","","","","","","","","","","","","","","","","","","","","","","","","",""
"!#TEXT#!","  43469!#TEXT#!","24/03/2020!#TEXT#!","CASH01","CASH01","","         696.98#$#font-bold=true#$#font-size=10#$#column-width=15","         111.52#$#font-bold=true#$#font-size=10#$#column-width=15","         808.50#$#font-bold=true#$#font-size=10#$#column-width=15","","","","","","","","","","","","","","","","","","","","","","","","","","","","","","","","","","","","","","","","","","",""
"1002439748!#TEXT#!","  43470!#TEXT#!","25/03/2020!#TEXT#!","ITALY","ZERO RATED","1002439748","       11793.09#$#font-bold=true#$#font-size=10#$#column-width=15","           0.00#$#font-bold=true#$#font-size=10#$#column-width=15","       11793.09#$#font-bold=true#$#font-size=10#$#column-width=15","","","","","","","","","","","","","","","","","","","","","","","","","","","","","","","","","","","","","","","","","","",""
"!#TEXT#!","  43471!#TEXT#!","25/03/2020!#TEXT#!","ZER15","ZERO RATED","Quote # : 55636","        3415.52#$#font-bold=true#$#font-size=10#$#column-width=15","           0.00#$#font-bold=true#$#font-size=10#$#column-width=15","        3415.52#$#font-bold=true#$#font-size=10#$#column-width=15","","","","","","","","","","","","","","","","","","","","","","","","","","","","","","","","","","","","","","","","","","",""
"!#TEXT#!","  43472!#TEXT#!","25/03/2020!#TEXT#!","ZER15","ZERO RATED","1001698257","        6887.93#$#font-bold=true#$#font-size=10#$#column-width=15","           0.00#$#font-bold=true#$#font-size=10#$#column-width=15","        6887.93#$#font-bold=true#$#font-size=10#$#column-width=15","","","","","","","","","","","","","","","","","","","","","","","","","","","","","","","","","","","","","","","","","","",""
"!#TEXT#!","  43473!#TEXT#!","25/03/2020!#TEXT#!","CASH01","CASH01","1001698257","         133.62#$#font-bold=true#$#font-size=10#$#column-width=15","          21.38#$#font-bold=true#$#font-size=10#$#column-width=15","         155.00#$#font-bold=true#$#font-size=10#$#column-width=15","","","","","","","","","","","","","","","","","","","","","","","","","","","","","","","","","","","","","","","","","","",""
"!#TEXT#!","  43474!#TEXT#!","25/03/2020!#TEXT#!","ZER15","ZERO RATED","1002174244","        5224.14#$#font-bold=true#$#font-size=10#$#column-width=15","           0.00#$#font-bold=true#$#font-size=10#$#column-width=15","        5224.14#$#font-bold=true#$#font-size=10#$#column-width=15","","","","","","","","","","","","","","","","","","","","","","","","","","","","","","","","","","","","","","","","","","",""
"1002439748!#TEXT#!","  43475!#TEXT#!","25/03/2020!#TEXT#!","ITALY","ITALIAN EMBASSY","1002439748","         639.66#$#font-bold=true#$#font-size=10#$#column-width=15","           0.00#$#font-bold=true#$#font-size=10#$#column-width=15","         639.66#$#font-bold=true#$#font-size=10#$#column-width=15","","","","","","","","","","","","","","","","","","","","","","","","","","","","","","","","","","","","","","","","","","",""
"!#TEXT#!","  43476!#TEXT#!","25/03/2020!#TEXT#!","CASH01","CASH01","","         172.41#$#font-bold=true#$#font-size=10#$#column-width=15","          27.59#$#font-bold=true#$#font-size=10#$#column-width=15","         200.00#$#font-bold=true#$#font-size=10#$#column-width=15","","","","","","","","","","","","","","","","","","","","","","","","","","","","","","","","","","","","","","","","","","",""
"!#TEXT#!","  43477!#TEXT#!","26/03/2020!#TEXT#!","CASH01","CASH01","Quote # : 55652","         189.66#$#font-bold=true#$#font-size=10#$#column-width=15","          30.35#$#font-bold=true#$#font-size=10#$#column-width=15","         220.01#$#font-bold=true#$#font-size=10#$#column-width=15","","","","","","","","","","","","","","","","","","","","","","","","","","","","","","","","","","","","","","","","","","",""
"!#TEXT#!","  43478!#TEXT#!","26/03/2020!#TEXT#!","CASH01","CASH01","1017389830","         189.66#$#font-bold=true#$#font-size=10#$#column-width=15","          30.35#$#font-bold=true#$#font-size=10#$#column-width=15","         220.01#$#font-bold=true#$#font-size=10#$#column-width=15","","","","","","","","","","","","","","","","","","","","","","","","","","","","","","","","","","","","","","","","","","",""
"!#TEXT#!","  43479!#TEXT#!","26/03/2020!#TEXT#!","CASH01","CASH01","0012400","        1293.09#$#font-bold=true#$#font-size=10#$#column-width=15","         206.91#$#font-bold=true#$#font-size=10#$#column-width=15","        1500.00#$#font-bold=true#$#font-size=10#$#column-width=15","","","","","","","","","","","","","","","","","","","","","","","","","","","","","","","","","","","","","","","","","","",""
"!#TEXT#!","  43480!#TEXT#!","26/03/2020!#TEXT#!","ZER15","ZERO RATED","0012400","        2000.00#$#font-bold=true#$#font-size=10#$#column-width=15","           0.00#$#font-bold=true#$#font-size=10#$#column-width=15","        2000.00#$#font-bold=true#$#font-size=10#$#column-width=15","","","","","","","","","","","","","","","","","","","","","","","","","","","","","","","","","","","","","","","","","","",""
"!#TEXT#!","  43481!#TEXT#!","26/03/2020!#TEXT#!","ZER15","ZERO RATED","","        7931.04#$#font-bold=true#$#font-size=10#$#column-width=15","           0.00#$#font-bold=true#$#font-size=10#$#column-width=15","        7931.04#$#font-bold=true#$#font-size=10#$#column-width=15","","","","","","","","","","","","","","","","","","","","","","","","","","","","","","","","","","","","","","","","","","",""
"!#TEXT#!","  43482!#TEXT#!","26/03/2020!#TEXT#!","ZER15","ZERO RATED","","        7931.04#$#font-bold=true#$#font-size=10#$#column-width=15","           0.00#$#font-bold=true#$#font-size=10#$#column-width=15","        7931.04#$#font-bold=true#$#font-size=10#$#column-width=15","","","","","","","","","","","","","","","","","","","","","","","","","","","","","","","","","","","","","","","","","","",""
"!#TEXT#!","  43483!#TEXT#!","26/03/2020!#TEXT#!","CASH01","CASH01","","         133.62#$#font-bold=true#$#font-size=10#$#column-width=15","          21.38#$#font-bold=true#$#font-size=10#$#column-width=15","         155.00#$#font-bold=true#$#font-size=10#$#column-width=15","","","","","","","","","","","","","","","","","","","","","","","","","","","","","","","","","","","","","","","","","","",""
"!#TEXT#!","  43484!#TEXT#!","26/03/2020!#TEXT#!","CASH01","CASH01","","          96.55#$#font-bold=true#$#font-size=10#$#column-width=15","          15.45#$#font-bold=true#$#font-size=10#$#column-width=15","         112.00#$#font-bold=true#$#font-size=10#$#column-width=15","","","","","","","","","","","","","","","","","","","","","","","","","","","","","","","","","","","","","","","","","","",""
"!#TEXT#!","  43485!#TEXT#!","26/03/2020!#TEXT#!","ZER15","ZERO RATED","1001874162","        5379.31#$#font-bold=true#$#font-size=10#$#column-width=15","           0.00#$#font-bold=true#$#font-size=10#$#column-width=15","        5379.31#$#font-bold=true#$#font-size=10#$#column-width=15","","","","","","","","","","","","","","","","","","","","","","","","","","","","","","","","","","","","","","","","","","",""
"!#TEXT#!","  43486!#TEXT#!","26/03/2020!#TEXT#!","CASH01","CASH01","1002037022","        5000.00#$#font-bold=true#$#font-size=10#$#column-width=15","         800.00#$#font-bold=true#$#font-size=10#$#column-width=15","        5800.00#$#font-bold=true#$#font-size=10#$#column-width=15","","","","","","","","","","","","","","","","","","","","","","","","","","","","","","","","","","","","","","","","","","",""
"!#TEXT#!","  43488!#TEXT#!","26/03/2020!#TEXT#!","CASH01","CASH01","1002037022","         189.66#$#font-bold=true#$#font-size=10#$#column-width=15","          30.35#$#font-bold=true#$#font-size=10#$#column-width=15","         220.01#$#font-bold=true#$#font-size=10#$#column-width=15","","","","","","","","","","","","","","","","","","","","","","","","","","","","","","","","","","","","","","","","","","",""
"!#TEXT#!","  43489!#TEXT#!","26/03/2020!#TEXT#!","CASH01","CASH01","Quote # : 55664","        3963.76#$#font-bold=true#$#font-size=10#$#column-width=15","         634.20#$#font-bold=true#$#font-size=10#$#column-width=15","        4597.96#$#font-bold=true#$#font-size=10#$#column-width=15","","","","","","","","","","","","","","","","","","","","","","","","","","","","","","","","","","","","","","","","","","",""
"!#TEXT#!","  43490!#TEXT#!","26/03/2020!#TEXT#!","ZER15","ZERO RATED","Quote # : 55665","        4064.23#$#font-bold=true#$#font-size=10#$#column-width=15","           0.00#$#font-bold=true#$#font-size=10#$#column-width=15","        4064.23#$#font-bold=true#$#font-size=10#$#column-width=15","","","","","","","","","","","","","","","","","","","","","","","","","","","","","","","","","","","","","","","","","","",""
"!#TEXT#!","  43491!#TEXT#!","26/03/2020!#TEXT#!","CASH01","CASH01","Quote # : 55666","          49.14#$#font-bold=true#$#font-size=10#$#column-width=15","           7.86#$#font-bold=true#$#font-size=10#$#column-width=15","          57.00#$#font-bold=true#$#font-size=10#$#column-width=15","","","","","","","","","","","","","","","","","","","","","","","","","","","","","","","","","","","","","","","","","","",""
"!#TEXT#!","  43492!#TEXT#!","26/03/2020!#TEXT#!","ZER15","ZERO RATED","Quote # : 55667","        4064.23#$#font-bold=true#$#font-size=10#$#column-width=15","           0.00#$#font-bold=true#$#font-size=10#$#column-width=15","        4064.23#$#font-bold=true#$#font-size=10#$#column-width=15","","","","","","","","","","","","","","","","","","","","","","","","","","","","","","","","","","","","","","","","","","",""
"1002439748!#TEXT#!","  43493!#TEXT#!","26/03/2020!#TEXT#!","ITALY","ITALIAN EMBASSY","1002439748","       12432.75#$#font-bold=true#$#font-size=10#$#column-width=15","           0.00#$#font-bold=true#$#font-size=10#$#column-width=15","       12432.75#$#font-bold=true#$#font-size=10#$#column-width=15","","","","","","","","","","","","","","","","","","","","","","","","","","","","","","","","","","","","","","","","","","",""
"!#TEXT#!","  43494!#TEXT#!","26/03/2020!#TEXT#!","ZER15","ZERO RATED","1018217340","       27784.48#$#font-bold=true#$#font-size=10#$#column-width=15","           0.00#$#font-bold=true#$#font-size=10#$#column-width=15","       27784.48#$#font-bold=true#$#font-size=10#$#column-width=15","","","","","","","","","","","","","","","","","","","","","","","","","","","","","","","","","","","","","","","","","","",""
"!#TEXT#!","  43495!#TEXT#!","26/03/2020!#TEXT#!","KINGSP","KINGS PLASTICS LTD","1001587035","        2577.59#$#font-bold=true#$#font-size=10#$#column-width=15","         412.41#$#font-bold=true#$#font-size=10#$#column-width=15","        2990.00#$#font-bold=true#$#font-size=10#$#column-width=15","","","","","","","","","","","","","","","","","","","","","","","","","","","","","","","","","","","","","","","","","","",""
"!#TEXT#!","  43496!#TEXT#!","26/03/2020!#TEXT#!","CASH01","CASH01","1001997214","        6159.49#$#font-bold=true#$#font-size=10#$#column-width=15","         985.52#$#font-bold=true#$#font-size=10#$#column-width=15","        7145.01#$#font-bold=true#$#font-size=10#$#column-width=15","","","","","","","","","","","","","","","","","","","","","","","","","","","","","","","","","","","","","","","","","","",""
"!#TEXT#!","  43497!#TEXT#!","26/03/2020!#TEXT#!","ZER15","ZERO RATED","1001997214","        6086.21#$#font-bold=true#$#font-size=10#$#column-width=15","           0.00#$#font-bold=true#$#font-size=10#$#column-width=15","        6086.21#$#font-bold=true#$#font-size=10#$#column-width=15","","","","","","","","","","","","","","","","","","","","","","","","","","","","","","","","","","","","","","","","","","",""
"!#TEXT#!","  43498!#TEXT#!","26/03/2020!#TEXT#!","CASH01","CASH01","1002080641","         353.45#$#font-bold=true#$#font-size=10#$#column-width=15","          56.55#$#font-bold=true#$#font-size=10#$#column-width=15","         410.00#$#font-bold=true#$#font-size=10#$#column-width=15","","","","","","","","","","","","","","","","","","","","","","","","","","","","","","","","","","","","","","","","","","",""
"1017432075!#TEXT#!","  43499!#TEXT#!","27/03/2020!#TEXT#!","ELITE","ELITE INDUSTRIES","1017432075","        6758.62#$#font-bold=true#$#font-size=10#$#column-width=15","        1081.38#$#font-bold=true#$#font-size=10#$#column-width=15","        7840.00#$#font-bold=true#$#font-size=10#$#column-width=15","","","","","","","","","","","","","","","","","","","","","","","","","","","","","","","","","","","","","","","","","","",""
"1002386888!#TEXT#!","  43500!#TEXT#!","27/03/2020!#TEXT#!","PHAR","PHARMANOVA Z LTD","1002386888","         995.69#$#font-bold=true#$#font-size=10#$#column-width=15","         159.31#$#font-bold=true#$#font-size=10#$#column-width=15","        1155.00#$#font-bold=true#$#font-size=10#$#column-width=15","","","","","","","","","","","","","","","","","","","","","","","","","","","","","","","","","","","","","","","","","","",""
"!#TEXT#!","  43501!#TEXT#!","27/03/2020!#TEXT#!","CASH01","CASH01","Quote # : 55685","        1499.49#$#font-bold=true#$#font-size=10#$#column-width=15","         239.92#$#font-bold=true#$#font-size=10#$#column-width=15","        1739.41#$#font-bold=true#$#font-size=10#$#column-width=15","","","","","","","","","","","","","","","","","","","","","","","","","","","","","","","","","","","","","","","","","","",""
"!#TEXT#!","  43502!#TEXT#!","27/03/2020!#TEXT#!","ZER15","ZERO RATED","Quote # : 55684","        4152.15#$#font-bold=true#$#font-size=10#$#column-width=15","           0.00#$#font-bold=true#$#font-size=10#$#column-width=15","        4152.15#$#font-bold=true#$#font-size=10#$#column-width=15","","","","","","","","","","","","","","","","","","","","","","","","","","","","","","","","","","","","","","","","","","",""
"!#TEXT#!","  43503!#TEXT#!","27/03/2020!#TEXT#!","CASH01","CASH01","1001858956","        1250.00#$#font-bold=true#$#font-size=10#$#column-width=15","         200.00#$#font-bold=true#$#font-size=10#$#column-width=15","        1450.00#$#font-bold=true#$#font-size=10#$#column-width=15","","","","","","","","","","","","","","","","","","","","","","","","","","","","","","","","","","","","","","","","","","",""
"!#TEXT#!","  43504!#TEXT#!","27/03/2020!#TEXT#!","CASH01","CASH01","1001586034","        3017.24#$#font-bold=true#$#font-size=10#$#column-width=15","         482.76#$#font-bold=true#$#font-size=10#$#column-width=15","        3500.00#$#font-bold=true#$#font-size=10#$#column-width=15","","","","","","","","","","","","","","","","","","","","","","","","","","","","","","","","","","","","","","","","","","",""
"!#TEXT#!","  43505!#TEXT#!","27/03/2020!#TEXT#!","CASH01","CASH01","1001858956","        1250.00#$#font-bold=true#$#font-size=10#$#column-width=15","         200.00#$#font-bold=true#$#font-size=10#$#column-width=15","        1450.00#$#font-bold=true#$#font-size=10#$#column-width=15","","","","","","","","","","","","","","","","","","","","","","","","","","","","","","","","","","","","","","","","","","",""
"!#TEXT#!","  43506!#TEXT#!","27/03/2020!#TEXT#!","CASH01","CASH01","1002080641","         387.93#$#font-bold=true#$#font-size=10#$#column-width=15","          62.07#$#font-bold=true#$#font-size=10#$#column-width=15","         450.00#$#font-bold=true#$#font-size=10#$#column-width=15","","","","","","","","","","","","","","","","","","","","","","","","","","","","","","","","","","","","","","","","","","",""
"!#TEXT#!","  43507!#TEXT#!","28/03/2020!#TEXT#!","ZER15","ZERO RATED","Quote # : 55694","        4152.15#$#font-bold=true#$#font-size=10#$#column-width=15","           0.00#$#font-bold=true#$#font-size=10#$#column-width=15","        4152.15#$#font-bold=true#$#font-size=10#$#column-width=15","","","","","","","","","","","","","","","","","","","","","","","","","","","","","","","","","","","","","","","","","","",""
"!#TEXT#!","  43508!#TEXT#!","28/03/2020!#TEXT#!","CASH01","CASH01","Quote # : 55695","         161.20#$#font-bold=true#$#font-size=10#$#column-width=15","          25.80#$#font-bold=true#$#font-size=10#$#column-width=15","         187.00#$#font-bold=true#$#font-size=10#$#column-width=15","","","","","","","","","","","","","","","","","","","","","","","","","","","","","","","","","","","","","","","","","","",""
"!#TEXT#!","  43509!#TEXT#!","28/03/2020!#TEXT#!","ZER15","ZERO RATED","","        2235.78#$#font-bold=true#$#font-size=10#$#column-width=15","           0.00#$#font-bold=true#$#font-size=10#$#column-width=15","        2235.78#$#font-bold=true#$#font-size=10#$#column-width=15","","","","","","","","","","","","","","","","","","","","","","","","","","","","","","","","","","","","","","","","","","",""
"!#TEXT#!","  43510!#TEXT#!","28/03/2020!#TEXT#!","CASH01","CASH01","","          19.83#$#font-bold=true#$#font-size=10#$#column-width=15","           3.17#$#font-bold=true#$#font-size=10#$#column-width=15","          23.00#$#font-bold=true#$#font-size=10#$#column-width=15","","","","","","","","","","","","","","","","","","","","","","","","","","","","","","","","","","","","","","","","","","",""
"!#TEXT#!","  43511!#TEXT#!","28/03/2020!#TEXT#!","CASH01","CASH01","Quote # : 55698","         139.65#$#font-bold=true#$#font-size=10#$#column-width=15","          22.35#$#font-bold=true#$#font-size=10#$#column-width=15","         162.00#$#font-bold=true#$#font-size=10#$#column-width=15","","","","","","","","","","","","","","","","","","","","","","","","","","","","","","","","","","","","","","","","","","",""
"!#TEXT#!","  43512!#TEXT#!","28/03/2020!#TEXT#!","ZER15","ZERO RATED","Quote # : 55699","        3488.15#$#font-bold=true#$#font-size=10#$#column-width=15","           0.00#$#font-bold=true#$#font-size=10#$#column-width=15","        3488.15#$#font-bold=true#$#font-size=10#$#column-width=15","","","","","","","","","","","","","","","","","","","","","","","","","","","","","","","","","","","","","","","","","","",""
"!#TEXT#!","  43513!#TEXT#!","28/03/2020!#TEXT#!","CASH01","CASH01","Quote # : 55702","         431.03#$#font-bold=true#$#font-size=10#$#column-width=15","          68.96#$#font-bold=true#$#font-size=10#$#column-width=15","         499.99#$#font-bold=true#$#font-size=10#$#column-width=15","","","","","","","","","","","","","","","","","","","","","","","","","","","","","","","","","","","","","","","","","","",""
"!#TEXT#!","  43514!#TEXT#!","28/03/2020!#TEXT#!","CASH01","CASH01","Quote # : 55700","         632.07#$#font-bold=true#$#font-size=10#$#column-width=15","         101.14#$#font-bold=true#$#font-size=10#$#column-width=15","         733.21#$#font-bold=true#$#font-size=10#$#column-width=15","","","","","","","","","","","","","","","","","","","","","","","","","","","","","","","","","","","","","","","","","","",""
"!#TEXT#!","  43515!#TEXT#!","28/03/2020!#TEXT#!","ZER15","ZERO RATED","Quote # : 55701","        3488.15#$#font-bold=true#$#font-size=10#$#column-width=15","           0.00#$#font-bold=true#$#font-size=10#$#column-width=15","        3488.15#$#font-bold=true#$#font-size=10#$#column-width=15","","","","","","","","","","","","","","","","","","","","","","","","","","","","","","","","","","","","","","","","","","",""
"!#TEXT#!","  43516!#TEXT#!","28/03/2020!#TEXT#!","CASH01","CASH01","","          39.66#$#font-bold=true#$#font-size=10#$#column-width=15","           6.35#$#font-bold=true#$#font-size=10#$#column-width=15","          46.01#$#font-bold=true#$#font-size=10#$#column-width=15","","","","","","","","","","","","","","","","","","","","","","","","","","","","","","","","","","","","","","","","","","",""
"!#TEXT#!","  43517!#TEXT#!","28/03/2020!#TEXT#!","CASH01","CASH01","1001722079","        1793.10#$#font-bold=true#$#font-size=10#$#column-width=15","         286.90#$#font-bold=true#$#font-size=10#$#column-width=15","        2080.00#$#font-bold=true#$#font-size=10#$#column-width=15","","","","","","","","","","","","","","","","","","","","","","","","","","","","","","","","","","","","","","","","","","",""
"!#TEXT#!","  43518!#TEXT#!","28/03/2020!#TEXT#!","CASH01","CASH01","Quote # : 55705","        1314.57#$#font-bold=true#$#font-size=10#$#column-width=15","         210.33#$#font-bold=true#$#font-size=10#$#column-width=15","        1524.90#$#font-bold=true#$#font-size=10#$#column-width=15","","","","","","","","","","","","","","","","","","","","","","","","","","","","","","","","","","","","","","","","","","",""
".!#TEXT#!","  43519!#TEXT#!","30/03/2020!#TEXT#!","CASH02","CASH 02","","         420.26#$#font-bold=true#$#font-size=10#$#column-width=15","          67.24#$#font-bold=true#$#font-size=10#$#column-width=15","         487.50#$#font-bold=true#$#font-size=10#$#column-width=15","","","","","","","","","","","","","","","","","","","","","","","","","","","","","","","","","","","","","","","","","","",""
".!#TEXT#!","  43520!#TEXT#!","30/03/2020!#TEXT#!","ZERO1","ZERO RATED 5","","        3447.41#$#font-bold=true#$#font-size=10#$#column-width=15","           0.00#$#font-bold=true#$#font-size=10#$#column-width=15","        3447.41#$#font-bold=true#$#font-size=10#$#column-width=15","","","","","","","","","","","","","","","","","","","","","","","","","","","","","","","","","","","","","","","","","","",""
".!#TEXT#!","  43521!#TEXT#!","30/03/2020!#TEXT#!","ZERO1","ZERO RATED 5","","        1877.59#$#font-bold=true#$#font-size=10#$#column-width=15","           0.00#$#font-bold=true#$#font-size=10#$#column-width=15","        1877.59#$#font-bold=true#$#font-size=10#$#column-width=15","","","","","","","","","","","","","","","","","","","","","","","","","","","","","","","","","","","","","","","","","","",""
"!#TEXT#!","  43522!#TEXT#!","30/03/2020!#TEXT#!","CASH01","CASH01","1002328212","         387.93#$#font-bold=true#$#font-size=10#$#column-width=15","          62.07#$#font-bold=true#$#font-size=10#$#column-width=15","         450.00#$#font-bold=true#$#font-size=10#$#column-width=15","","","","","","","","","","","","","","","","","","","","","","","","","","","","","","","","","","","","","","","","","","",""
"!#TEXT#!","  43523!#TEXT#!","30/03/2020!#TEXT#!","CASH01","CASH01","Quote # : 55720","        2969.83#$#font-bold=true#$#font-size=10#$#column-width=15","         475.17#$#font-bold=true#$#font-size=10#$#column-width=15","        3445.00#$#font-bold=true#$#font-size=10#$#column-width=15","","","","","","","","","","","","","","","","","","","","","","","","","","","","","","","","","","","","","","","","","","",""
"!#TEXT#!","  43524!#TEXT#!","30/03/2020!#TEXT#!","CASH01","CASH01","001200","         344.83#$#font-bold=true#$#font-size=10#$#column-width=15","          55.17#$#font-bold=true#$#font-size=10#$#column-width=15","         400.00#$#font-bold=true#$#font-size=10#$#column-width=15","","","","","","","","","","","","","","","","","","","","","","","","","","","","","","","","","","","","","","","","","","",""
".!#TEXT#!","  43525!#TEXT#!","30/03/2020!#TEXT#!","ZERO1","ZERO RATED 5","","        3447.41#$#font-bold=true#$#font-size=10#$#column-width=15","           0.00#$#font-bold=true#$#font-size=10#$#column-width=15","        3447.41#$#font-bold=true#$#font-size=10#$#column-width=15","","","","","","","","","","","","","","","","","","","","","","","","","","","","","","","","","","","","","","","","","","",""
"!#TEXT#!","  43526!#TEXT#!","30/03/2020!#TEXT#!","CASH01","CASH01","1000236312","        7771.56#$#font-bold=true#$#font-size=10#$#column-width=15","        1243.45#$#font-bold=true#$#font-size=10#$#column-width=15","        9015.01#$#font-bold=true#$#font-size=10#$#column-width=15","","","","","","","","","","","","","","","","","","","","","","","","","","","","","","","","","","","","","","","","","","",""
"!#TEXT#!","  43527!#TEXT#!","31/03/2020!#TEXT#!","CASH01","CASH01","Quote # : 55728","         211.21#$#font-bold=true#$#font-size=10#$#column-width=15","          33.79#$#font-bold=true#$#font-size=10#$#column-width=15","         245.00#$#font-bold=true#$#font-size=10#$#column-width=15","","","","","","","","","","","","","","","","","","","","","","","","","","","","","","","","","","","","","","","","","","",""
"!#TEXT#!","  43528!#TEXT#!","31/03/2020!#TEXT#!","JPZ","J PATEL","","        5370.69#$#font-bold=true#$#font-size=10#$#column-width=15","         859.31#$#font-bold=true#$#font-size=10#$#column-width=15","        6230.00#$#font-bold=true#$#font-size=10#$#column-width=15","","","","","","","","","","","","","","","","","","","","","","","","","","","","","","","","","","","","","","","","","","",""
"!#TEXT#!","  43529!#TEXT#!","31/03/2020!#TEXT#!","CASH01","CASH01","1001611741","         844.83#$#font-bold=true#$#font-size=10#$#column-width=15","         135.17#$#font-bold=true#$#font-size=10#$#column-width=15","         980.00#$#font-bold=true#$#font-size=10#$#column-width=15","","","","","","","","","","","","","","","","","","","","","","","","","","","","","","","","","","","","","","","","","","",""
"!#TEXT#!","  43530!#TEXT#!","31/03/2020!#TEXT#!","CASH01","CASH01","1001608510","        1659.48#$#font-bold=true#$#font-size=10#$#column-width=15","         265.52#$#font-bold=true#$#font-size=10#$#column-width=15","        1925.00#$#font-bold=true#$#font-size=10#$#column-width=15","","","","","","","","","","","","","","","","","","","","","","","","","","","","","","","","","","","","","","","","","","",""
"!#TEXT#!","  43531!#TEXT#!","31/03/2020!#TEXT#!","ZER15","ZERO RATED","1001608510","        1607.76#$#font-bold=true#$#font-size=10#$#column-width=15","           0.00#$#font-bold=true#$#font-size=10#$#column-width=15","        1607.76#$#font-bold=true#$#font-size=10#$#column-width=15","","","","","","","","","","","","","","","","","","","","","","","","","","","","","","","","","","","","","","","","","","",""
"!#TEXT#!","  43532!#TEXT#!","31/03/2020!#TEXT#!","CASH01","CASH01","Quote # : 55736","        3465.52#$#font-bold=true#$#font-size=10#$#column-width=15","         554.48#$#font-bold=true#$#font-size=10#$#column-width=15","        4020.00#$#font-bold=true#$#font-size=10#$#column-width=15","","","","","","","","","","","","","","","","","","","","","","","","","","","","","","","","","","","","","","","","","","",""
"!#TEXT#!","  43533!#TEXT#!","31/03/2020!#TEXT#!","CASH01","CASH01","0048","         862.07#$#font-bold=true#$#font-size=10#$#column-width=15","         137.92#$#font-bold=true#$#font-size=10#$#column-width=15","         999.99#$#font-bold=true#$#font-size=10#$#column-width=15","","","","","","","","","","","","","","","","","","","","","","","","","","","","","","","","","","","","","","","","","","",""
"!#TEXT#!","  43534!#TEXT#!","31/03/2020!#TEXT#!","ZER15","ZERO RATED","","        1000.00#$#font-bold=true#$#font-size=10#$#column-width=15","           0.00#$#font-bold=true#$#font-size=10#$#column-width=15","        1000.00#$#font-bold=true#$#font-size=10#$#column-width=15","","","","","","","","","","","","","","","","","","","","","","","","","","","","","","","","","","","","","","","","","","",""
"","","","","","","","","","","","","","","","","","","","","","","","","","","","","","","","","","","","","","","","","","","","","","","","","","","",""
